"id","city_id","name","is_metropolitan_district"
"1","1","ALADAĞ","1"
"2","1","CEYHAN","1"
"3","1","ÇUKUROVA","1"
"4","1","FEKE","1"
"5","1","İMAMOĞLU","1"
"6","1","KARAİSALI","1"
"7","1","KARATAŞ","1"
"8","1","KOZAN","1"
"9","1","POZANTI","1"
"10","1","SAİMBEYLİ","1"
"11","1","SARIÇAM","1"
"12","1","SEYHAN","1"
"13","1","TUFANBEYLİ","1"
"14","1","YUMURTALIK","1"
"15","1","YÜREĞİR","1"
"16","2","BESNİ","0"
"17","2","ÇELİKHAN","0"
"18","2","GERGER","0"
"19","2","GÖLBAŞI","0"
"20","2","KAHTA","0"
"21","2","MERKEZ","0"
"22","2","SAMSAT","0"
"23","2","SİNCİK","0"
"24","2","TUT","0"
"25","3","BAŞMAKÇI","0"
"26","3","BAYAT","0"
"27","3","BOLVADİN","0"
"28","3","ÇAY","0"
"29","3","ÇOBANLAR","0"
"30","3","DAZKIRI","0"
"31","3","DİNAR","0"
"32","3","EMİRDAĞ","0"
"33","3","EVCİLER","0"
"34","3","HOCALAR","0"
"35","3","İHSANİYE","0"
"36","3","İSCEHİSAR","0"
"37","3","KIZILÖREN","0"
"38","3","MERKEZ","0"
"39","3","SANDIKLI","0"
"40","3","SİNANPAŞA","0"
"41","3","ŞUHUT","0"
"42","3","SULTANDAĞI","0"
"43","4","DİYADİN","0"
"44","4","DOĞUBAYAZIT","0"
"45","4","ELEŞKİRT","0"
"46","4","HAMUR","0"
"47","4","MERKEZ","0"
"48","4","PATNOS","0"
"49","4","TAŞLIÇAY","0"
"50","4","TUTAK","0"
"51","5","GÖYNÜCEK","0"
"52","5","GÜMÜŞHACIKÖY","0"
"53","5","HAMAMÖZÜ","0"
"54","5","MERKEZ","0"
"55","5","MERZİFON","0"
"56","5","SULUOVA","0"
"57","5","TAŞOVA","0"
"58","6","AKYURT","1"
"59","6","ALTINDAĞ","1"
"60","6","AYAŞ","1"
"61","6","BALA","1"
"62","6","BEYPAZARI","1"
"63","6","ÇAMLIDERE","1"
"64","6","ÇANKAYA","1"
"65","6","ÇUBUK","1"
"66","6","ELMADAĞ","1"
"67","6","ETİMESGUT","1"
"68","6","EVREN","1"
"69","6","GÖLBAŞI","1"
"70","6","GÜDÜL","1"
"71","6","HAYMANA","1"
"72","6","KAHRAMANKAZAN","1"
"73","6","KALECİK","1"
"74","6","KEÇİÖREN","1"
"75","6","KIZILCAHAMAM","1"
"76","6","MAMAK","1"
"77","6","NALLIHAN","1"
"78","6","POLATLI","1"
"79","6","PURSAKLAR","1"
"80","6","ŞEREFLİKOÇHİSAR","1"
"81","6","SİNCAN","1"
"82","6","YENİMAHALLE","1"
"83","7","AKSEKİ","1"
"84","7","AKSU","1"
"85","7","ALANYA","1"
"86","7","DEMRE","1"
"87","7","DÖŞEMEALTI","1"
"88","7","ELMALI","1"
"89","7","FİNİKE","1"
"90","7","GAZİPAŞA","1"
"91","7","GÜNDOĞMUŞ","1"
"92","7","İBRADI","1"
"93","7","KAŞ","1"
"94","7","KEMER","1"
"95","7","KEPEZ","1"
"96","7","KONYAALTI","1"
"97","7","KORKUTELİ","1"
"98","7","KUMLUCA","1"
"99","7","MANAVGAT","1"
"100","7","MURATPAŞA","1"
"101","7","SERİK","1"
"102","8","ARDANUÇ","0"
"103","8","ARHAVİ","0"
"104","8","BORÇKA","0"
"105","8","HOPA","0"
"106","8","KEMALPAŞA","0"
"107","8","MERKEZ","0"
"108","8","MURGUL","0"
"109","8","ŞAVŞAT","0"
"110","8","YUSUFELİ","0"
"111","9","BOZDOĞAN","1"
"112","9","BUHARKENT","1"
"113","9","ÇİNE","1"
"114","9","DİDİM","1"
"115","9","EFELER","1"
"116","9","GERMENCİK","1"
"117","9","İNCİRLİOVA","1"
"118","9","KARACASU","1"
"119","9","KARPUZLU","1"
"120","9","KOÇARLI","1"
"121","9","KÖŞK","1"
"122","9","KUŞADASI","1"
"123","9","KUYUCAK","1"
"124","9","NAZİLLİ","1"
"125","9","SÖKE","1"
"126","9","SULTANHİSAR","1"
"127","9","YENİPAZAR","1"
"128","10","ALTIEYLÜL","1"
"129","10","AYVALIK","1"
"130","10","BALYA","1"
"131","10","BANDIRMA","1"
"132","10","BİGADİÇ","1"
"133","10","BURHANİYE","1"
"134","10","DURSUNBEY","1"
"135","10","EDREMİT","1"
"136","10","ERDEK","1"
"137","10","GÖMEÇ","1"
"138","10","GÖNEN","1"
"139","10","HAVRAN","1"
"140","10","İVRİNDİ","1"
"141","10","KARESİ","1"
"142","10","KEPSUT","1"
"143","10","MANYAS","1"
"144","10","MARMARA","1"
"145","10","SAVAŞTEPE","1"
"146","10","SINDIRGI","1"
"147","10","SUSURLUK","1"
"148","11","BOZÜYÜK","0"
"149","11","GÖLPAZARI","0"
"150","11","İNHİSAR","0"
"151","11","MERKEZ","0"
"152","11","OSMANELİ","0"
"153","11","PAZARYERİ","0"
"154","11","SÖĞÜT","0"
"155","11","YENİPAZAR","0"
"156","12","ADAKLI","0"
"157","12","GENÇ","0"
"158","12","KARLIOVA","0"
"159","12","KİĞI","0"
"160","12","MERKEZ","0"
"161","12","SOLHAN","0"
"162","12","YAYLADERE","0"
"163","12","YEDİSU","0"
"164","13","ADİLCEVAZ","0"
"165","13","AHLAT","0"
"166","13","GÜROYMAK","0"
"167","13","HİZAN","0"
"168","13","MERKEZ","0"
"169","13","MUTKİ","0"
"170","13","TATVAN","0"
"171","14","DÖRTDİVAN","0"
"172","14","GEREDE","0"
"173","14","GÖYNÜK","0"
"174","14","KIBRISCIK","0"
"175","14","MENGEN","0"
"176","14","MERKEZ","0"
"177","14","MUDURNU","0"
"178","14","SEBEN","0"
"179","14","YENİÇAĞA","0"
"180","15","AĞLASUN","0"
"181","15","ALTINYAYLA","0"
"182","15","BUCAK","0"
"183","15","ÇAVDIR","0"
"184","15","ÇELTİKÇİ","0"
"185","15","GÖLHİSAR","0"
"186","15","KARAMANLI","0"
"187","15","KEMER","0"
"188","15","MERKEZ","0"
"189","15","TEFENNİ","0"
"190","15","YEŞİLOVA","0"
"191","16","BÜYÜKORHAN","1"
"192","16","GEMLİK","1"
"193","16","GÜRSU","1"
"194","16","HARMANCIK","1"
"195","16","İNEGÖL","1"
"196","16","İZNİK","1"
"197","16","KARACABEY","1"
"198","16","KELES","1"
"199","16","KESTEL","1"
"200","16","MUDANYA","1"
"201","16","MUSTAFAKEMALPAŞA","1"
"202","16","NİLÜFER","1"
"203","16","ORHANELİ","1"
"204","16","ORHANGAZİ","1"
"205","16","OSMANGAZİ","1"
"206","16","YENİŞEHİR","1"
"207","16","YILDIRIM","1"
"208","17","AYVACIK","0"
"209","17","BAYRAMİÇ","0"
"210","17","BİGA","0"
"211","17","BOZCAADA","0"
"212","17","ÇAN","0"
"213","17","ECEABAT","0"
"214","17","EZİNE","0"
"215","17","GELİBOLU","0"
"216","17","GÖKÇEADA","0"
"217","17","LAPSEKİ","0"
"218","17","MERKEZ","0"
"219","17","YENİCE","0"
"220","18","ATKARACALAR","0"
"221","18","BAYRAMÖREN","0"
"222","18","ÇERKEŞ","0"
"223","18","ELDİVAN","0"
"224","18","ILGAZ","0"
"225","18","KIZILIRMAK","0"
"226","18","KORGUN","0"
"227","18","KURŞUNLU","0"
"228","18","MERKEZ","0"
"229","18","ORTA","0"
"230","18","ŞABANÖZÜ","0"
"231","18","YAPRAKLI","0"
"232","19","ALACA","0"
"233","19","BAYAT","0"
"234","19","BOĞAZKALE","0"
"235","19","DODURGA","0"
"236","19","İSKİLİP","0"
"237","19","KARGI","0"
"238","19","LAÇİN","0"
"239","19","MECİTÖZÜ","0"
"240","19","MERKEZ","0"
"241","19","OĞUZLAR","0"
"242","19","ORTAKÖY","0"
"243","19","OSMANCIK","0"
"244","19","SUNGURLU","0"
"245","19","UĞURLUDAĞ","0"
"246","20","ACIPAYAM","1"
"247","20","BABADAĞ","1"
"248","20","BAKLAN","1"
"249","20","BEKİLLİ","1"
"250","20","BEYAĞAÇ","1"
"251","20","BOZKURT","1"
"252","20","BULDAN","1"
"253","20","ÇAL","1"
"254","20","ÇAMELİ","1"
"255","20","ÇARDAK","1"
"256","20","ÇİVRİL","1"
"257","20","GÜNEY","1"
"258","20","HONAZ","1"
"259","20","KALE","1"
"260","20","MERKEZEFENDİ","1"
"261","20","PAMUKKALE","1"
"262","20","SARAYKÖY","1"
"263","20","SERİNHİSAR","1"
"264","20","TAVAS","1"
"265","21","BAĞLAR","1"
"266","21","BİSMİL","1"
"267","21","ÇERMİK","1"
"268","21","ÇINAR","1"
"269","21","ÇÜNGÜŞ","1"
"270","21","DİCLE","1"
"271","21","EĞİL","1"
"272","21","ERGANİ","1"
"273","21","HANİ","1"
"274","21","HAZRO","1"
"275","21","KAYAPINAR","1"
"276","21","KOCAKÖY","1"
"277","21","KULP","1"
"278","21","LİCE","1"
"279","21","SİLVAN","1"
"280","21","SUR","1"
"281","21","YENİŞEHİR","1"
"282","22","ENEZ","0"
"283","22","HAVSA","0"
"284","22","İPSALA","0"
"285","22","KEŞAN","0"
"286","22","LALAPAŞA","0"
"287","22","MERİÇ","0"
"288","22","MERKEZ","0"
"289","22","SÜLOĞLU","0"
"290","22","UZUNKÖPRÜ","0"
"291","23","AĞIN","0"
"292","23","ALACAKAYA","0"
"293","23","ARICAK","0"
"294","23","BASKİL","0"
"295","23","KARAKOÇAN","0"
"296","23","KEBAN","0"
"297","23","KOVANCILAR","0"
"298","23","MADEN","0"
"299","23","MERKEZ","0"
"300","23","PALU","0"
"301","23","SİVRİCE","0"
"302","24","ÇAYIRLI","0"
"303","24","İLİÇ","0"
"304","24","KEMAH","0"
"305","24","KEMALİYE","0"
"306","24","MERKEZ","0"
"307","24","OTLUKBELİ","0"
"308","24","REFAHİYE","0"
"309","24","TERCAN","0"
"310","24","ÜZÜMLÜ","0"
"311","25","AŞKALE","1"
"312","25","AZİZİYE","1"
"313","25","ÇAT","1"
"314","25","HINIS","1"
"315","25","HORASAN","1"
"316","25","İSPİR","1"
"317","25","KARAÇOBAN","1"
"318","25","KARAYAZI","1"
"319","25","KÖPRÜKÖY","1"
"320","25","NARMAN","1"
"321","25","OLTU","1"
"322","25","OLUR","1"
"323","25","PALANDÖKEN","1"
"324","25","PASİNLER","1"
"325","25","PAZARYOLU","1"
"326","25","ŞENKAYA","1"
"327","25","TEKMAN","1"
"328","25","TORTUM","1"
"329","25","UZUNDERE","1"
"330","25","YAKUTİYE","1"
"331","26","ALPU","1"
"332","26","BEYLİKOVA","1"
"333","26","ÇİFTELER","1"
"334","26","GÜNYÜZÜ","1"
"335","26","HAN","1"
"336","26","İNÖNÜ","1"
"337","26","MAHMUDİYE","1"
"338","26","MİHALGAZİ","1"
"339","26","MİHALIÇÇIK","1"
"340","26","ODUNPAZARI","1"
"341","26","SARICAKAYA","1"
"342","26","SEYİTGAZİ","1"
"343","26","SİVRİHİSAR","1"
"344","26","TEPEBAŞI","1"
"345","27","ARABAN","1"
"346","27","İSLAHİYE","1"
"347","27","KARKAMIŞ","1"
"348","27","NİZİP","1"
"349","27","NURDAĞI","1"
"350","27","OĞUZELİ","1"
"351","27","ŞAHİNBEY","1"
"352","27","ŞEHİTKAMİL","1"
"353","27","YAVUZELİ","1"
"354","28","ALUCRA","0"
"355","28","BULANCAK","0"
"356","28","ÇAMOLUK","0"
"357","28","ÇANAKÇI","0"
"358","28","DERELİ","0"
"359","28","DOĞANKENT","0"
"360","28","ESPİYE","0"
"361","28","EYNESİL","0"
"362","28","GÖRELE","0"
"363","28","GÜCE","0"
"364","28","KEŞAP","0"
"365","28","MERKEZ","0"
"366","28","PİRAZİZ","0"
"367","28","ŞEBİNKARAHİSAR","0"
"368","28","TİREBOLU","0"
"369","28","YAĞLIDERE","0"
"370","29","KELKİT","0"
"371","29","KÖSE","0"
"372","29","KÜRTÜN","0"
"373","29","MERKEZ","0"
"374","29","ŞİRAN","0"
"375","29","TORUL","0"
"376","30","ÇUKURCA","0"
"377","30","DERECİK","0"
"378","30","MERKEZ","0"
"379","30","ŞEMDİNLİ","0"
"380","30","YÜKSEKOVA","0"
"381","31","ALTINÖZÜ","1"
"382","31","ANTAKYA","1"
"383","31","ARSUZ","1"
"384","31","BELEN","1"
"385","31","DEFNE","1"
"386","31","DÖRTYOL","1"
"387","31","ERZİN","1"
"388","31","HASSA","1"
"389","31","İSKENDERUN","1"
"390","31","KIRIKHAN","1"
"391","31","KUMLU","1"
"392","31","PAYAS","1"
"393","31","REYHANLI","1"
"394","31","SAMANDAĞ","1"
"395","31","YAYLADAĞI","1"
"396","32","AKSU","0"
"397","32","ATABEY","0"
"398","32","EĞİRDİR","0"
"399","32","GELENDOST","0"
"400","32","GÖNEN","0"
"401","32","KEÇİBORLU","0"
"402","32","MERKEZ","0"
"403","32","ŞARKİKARAAĞAÇ","0"
"404","32","SENİRKENT","0"
"405","32","SÜTÇÜLER","0"
"406","32","ULUBORLU","0"
"407","32","YALVAÇ","0"
"408","32","YENİŞARBADEMLİ","0"
"409","33","AKDENİZ","1"
"410","33","ANAMUR","1"
"411","33","AYDINCIK","1"
"412","33","BOZYAZI","1"
"413","33","ÇAMLIYAYLA","1"
"414","33","ERDEMLİ","1"
"415","33","GÜLNAR","1"
"416","33","MEZİTLİ","1"
"417","33","MUT","1"
"418","33","SİLİFKE","1"
"419","33","TARSUS","1"
"420","33","TOROSLAR","1"
"421","33","YENİŞEHİR","1"
"422","34","ADALAR","1"
"423","34","ARNAVUTKÖY","1"
"424","34","ATAŞEHİR","1"
"425","34","AVCILAR","1"
"426","34","BAĞCILAR","1"
"427","34","BAHÇELİEVLER","1"
"428","34","BAKIRKÖY","1"
"429","34","BAŞAKŞEHİR","1"
"430","34","BAYRAMPAŞA","1"
"431","34","BEŞİKTAŞ","1"
"432","34","BEYKOZ","1"
"433","34","BEYLİKDÜZÜ","1"
"434","34","BEYOĞLU","1"
"435","34","BÜYÜKÇEKMECE","1"
"436","34","ÇATALCA","1"
"437","34","ÇEKMEKÖY","1"
"438","34","ESENLER","1"
"439","34","ESENYURT","1"
"440","34","EYÜPSULTAN","1"
"441","34","FATİH","1"
"442","34","GAZİOSMANPAŞA","1"
"443","34","GÜNGÖREN","1"
"444","34","KADIKÖY","1"
"445","34","KAĞITHANE","1"
"446","34","KARTAL","1"
"447","34","KÜÇÜKÇEKMECE","1"
"448","34","MALTEPE","1"
"449","34","PENDİK","1"
"450","34","SANCAKTEPE","1"
"451","34","SARIYER","1"
"452","34","ŞİLE","1"
"453","34","SİLİVRİ","1"
"454","34","ŞİŞLİ","1"
"455","34","SULTANBEYLİ","1"
"456","34","SULTANGAZİ","1"
"457","34","TUZLA","1"
"458","34","ÜMRANİYE","1"
"459","34","ÜSKÜDAR","1"
"460","34","ZEYTİNBURNU","1"
"461","35","ALİAĞA","1"
"462","35","BALÇOVA","1"
"463","35","BAYINDIR","1"
"464","35","BAYRAKLI","1"
"465","35","BERGAMA","1"
"466","35","BEYDAĞ","1"
"467","35","BORNOVA","1"
"468","35","BUCA","1"
"469","35","ÇEŞME","1"
"470","35","ÇİĞLİ","1"
"471","35","DİKİLİ","1"
"472","35","FOÇA","1"
"473","35","GAZİEMİR","1"
"474","35","GÜZELBAHÇE","1"
"475","35","KARABAĞLAR","1"
"476","35","KARABURUN","1"
"477","35","KARŞIYAKA","1"
"478","35","KEMALPAŞA","1"
"479","35","KINIK","1"
"480","35","KİRAZ","1"
"481","35","KONAK","1"
"482","35","MENDERES","1"
"483","35","MENEMEN","1"
"484","35","NARLIDERE","1"
"485","35","ÖDEMİŞ","1"
"486","35","SEFERİHİSAR","1"
"487","35","SELÇUK","1"
"488","35","TİRE","1"
"489","35","TORBALI","1"
"490","35","URLA","1"
"491","36","AKYAKA","0"
"492","36","ARPAÇAY","0"
"493","36","DİGOR","0"
"494","36","KAĞIZMAN","0"
"495","36","MERKEZ","0"
"496","36","SARIKAMIŞ","0"
"497","36","SELİM","0"
"498","36","SUSUZ","0"
"499","37","ABANA","0"
"500","37","AĞLI","0"
"501","37","ARAÇ","0"
"502","37","AZDAVAY","0"
"503","37","BOZKURT","0"
"504","37","ÇATALZEYTİN","0"
"505","37","CİDE","0"
"506","37","DADAY","0"
"507","37","DEVREKANİ","0"
"508","37","DOĞANYURT","0"
"509","37","HANÖNÜ","0"
"510","37","İHSANGAZİ","0"
"511","37","İNEBOLU","0"
"512","37","KÜRE","0"
"513","37","MERKEZ","0"
"514","37","PINARBAŞI","0"
"515","37","ŞENPAZAR","0"
"516","37","SEYDİLER","0"
"517","37","TAŞKÖPRÜ","0"
"518","37","TOSYA","0"
"519","38","AKKIŞLA","1"
"520","38","BÜNYAN","1"
"521","38","DEVELİ","1"
"522","38","FELAHİYE","1"
"523","38","HACILAR","1"
"524","38","İNCESU","1"
"525","38","KOCASİNAN","1"
"526","38","MELİKGAZİ","1"
"527","38","ÖZVATAN","1"
"528","38","PINARBAŞI","1"
"529","38","SARIOĞLAN","1"
"530","38","SARIZ","1"
"531","38","TALAS","1"
"532","38","TOMARZA","1"
"533","38","YAHYALI","1"
"534","38","YEŞİLHİSAR","1"
"535","39","BABAESKİ","0"
"536","39","DEMİRKÖY","0"
"537","39","KOFÇAZ","0"
"538","39","LÜLEBURGAZ","0"
"539","39","MERKEZ","0"
"540","39","PEHLİVANKÖY","0"
"541","39","PINARHİSAR","0"
"542","39","VİZE","0"
"543","40","AKÇAKENT","0"
"544","40","AKPINAR","0"
"545","40","BOZTEPE","0"
"546","40","ÇİÇEKDAĞI","0"
"547","40","KAMAN","0"
"548","40","MERKEZ","0"
"549","40","MUCUR","0"
"550","41","BAŞİSKELE","1"
"551","41","ÇAYIROVA","1"
"552","41","DARICA","1"
"553","41","DERİNCE","1"
"554","41","DİLOVASI","1"
"555","41","GEBZE","1"
"556","41","GÖLCÜK","1"
"557","41","İZMİT","1"
"558","41","KANDIRA","1"
"559","41","KARAMÜRSEL","1"
"560","41","KARTEPE","1"
"561","41","KÖRFEZ","1"
"562","42","AHIRLI","1"
"563","42","AKÖREN","1"
"564","42","AKŞEHİR","1"
"565","42","ALTINEKİN","1"
"566","42","BEYŞEHİR","1"
"567","42","BOZKIR","1"
"568","42","ÇELTİK","1"
"569","42","CİHANBEYLİ","1"
"570","42","ÇUMRA","1"
"571","42","DERBENT","1"
"572","42","DEREBUCAK","1"
"573","42","DOĞANHİSAR","1"
"574","42","EMİRGAZİ","1"
"575","42","EREĞLİ","1"
"576","42","GÜNEYSINIR","1"
"577","42","HADİM","1"
"578","42","HALKAPINAR","1"
"579","42","HÜYÜK","1"
"580","42","ILGIN","1"
"581","42","KADINHANI","1"
"582","42","KARAPINAR","1"
"583","42","KARATAY","1"
"584","42","KULU","1"
"585","42","MERAM","1"
"586","42","SARAYÖNÜ","1"
"587","42","SELÇUKLU","1"
"588","42","SEYDİŞEHİR","1"
"589","42","TAŞKENT","1"
"590","42","TUZLUKÇU","1"
"591","42","YALIHÜYÜK","1"
"592","42","YUNAK","1"
"593","43","ALTINTAŞ","0"
"594","43","ASLANAPA","0"
"595","43","ÇAVDARHİSAR","0"
"596","43","DOMANİÇ","0"
"597","43","DUMLUPINAR","0"
"598","43","EMET","0"
"599","43","GEDİZ","0"
"600","43","HİSARCIK","0"
"601","43","MERKEZ","0"
"602","43","PAZARLAR","0"
"603","43","ŞAPHANE","0"
"604","43","SİMAV","0"
"605","43","TAVŞANLI","0"
"606","44","AKÇADAĞ","1"
"607","44","ARAPGİR","1"
"608","44","ARGUVAN","1"
"609","44","BATTALGAZİ","1"
"610","44","DARENDE","1"
"611","44","DOĞANŞEHİR","1"
"612","44","DOĞANYOL","1"
"613","44","HEKİMHAN","1"
"614","44","KALE","1"
"615","44","KULUNCAK","1"
"616","44","PÜTÜRGE","1"
"617","44","YAZIHAN","1"
"618","44","YEŞİLYURT","1"
"619","45","AHMETLİ","1"
"620","45","AKHİSAR","1"
"621","45","ALAŞEHİR","1"
"622","45","DEMİRCİ","1"
"623","45","GÖLMARMARA","1"
"624","45","GÖRDES","1"
"625","45","KIRKAĞAÇ","1"
"626","45","KÖPRÜBAŞI","1"
"627","45","KULA","1"
"628","45","SALİHLİ","1"
"629","45","SARIGÖL","1"
"630","45","SARUHANLI","1"
"631","45","ŞEHZADELER","1"
"632","45","SELENDİ","1"
"633","45","SOMA","1"
"634","45","TURGUTLU","1"
"635","45","YUNUSEMRE","1"
"636","46","AFŞİN","1"
"637","46","ANDIRIN","1"
"638","46","ÇAĞLAYANCERİT","1"
"639","46","DULKADİROĞLU","1"
"640","46","EKİNÖZÜ","1"
"641","46","ELBİSTAN","1"
"642","46","GÖKSUN","1"
"643","46","NURHAK","1"
"644","46","ONİKİŞUBAT","1"
"645","46","PAZARCIK","1"
"646","46","TÜRKOĞLU","1"
"647","47","ARTUKLU","1"
"648","47","DARGEÇİT","1"
"649","47","DERİK","1"
"650","47","KIZILTEPE","1"
"651","47","MAZIDAĞI","1"
"652","47","MİDYAT","1"
"653","47","NUSAYBİN","1"
"654","47","ÖMERLİ","1"
"655","47","SAVUR","1"
"656","47","YEŞİLLİ","1"
"657","48","BODRUM","1"
"658","48","DALAMAN","1"
"659","48","DATÇA","1"
"660","48","FETHİYE","1"
"661","48","KAVAKLIDERE","1"
"662","48","KÖYCEĞİZ","1"
"663","48","MARMARİS","1"
"664","48","MENTEŞE","1"
"665","48","MİLAS","1"
"666","48","ORTACA","1"
"667","48","SEYDİKEMER","1"
"668","48","ULA","1"
"669","48","YATAĞAN","1"
"670","49","BULANIK","0"
"671","49","HASKÖY","0"
"672","49","KORKUT","0"
"673","49","MALAZGİRT","0"
"674","49","MERKEZ","0"
"675","49","VARTO","0"
"676","50","ACIGÖL","0"
"677","50","AVANOS","0"
"678","50","DERİNKUYU","0"
"679","50","GÜLŞEHİR","0"
"680","50","HACIBEKTAŞ","0"
"681","50","KOZAKLI","0"
"682","50","MERKEZ","0"
"683","50","ÜRGÜP","0"
"684","51","ALTUNHİSAR","0"
"685","51","BOR","0"
"686","51","ÇAMARDI","0"
"687","51","ÇİFTLİK","0"
"688","51","MERKEZ","0"
"689","51","ULUKIŞLA","0"
"690","52","AKKUŞ","1"
"691","52","ALTINORDU","1"
"692","52","AYBASTI","1"
"693","52","ÇAMAŞ","1"
"694","52","ÇATALPINAR","1"
"695","52","ÇAYBAŞI","1"
"696","52","FATSA","1"
"697","52","GÖLKÖY","1"
"698","52","GÜLYALI","1"
"699","52","GÜRGENTEPE","1"
"700","52","İKİZCE","1"
"701","52","KABADÜZ","1"
"702","52","KABATAŞ","1"
"703","52","KORGAN","1"
"704","52","KUMRU","1"
"705","52","MESUDİYE","1"
"706","52","PERŞEMBE","1"
"707","52","ULUBEY","1"
"708","52","ÜNYE","1"
"709","53","ARDEŞEN","0"
"710","53","ÇAMLIHEMŞİN","0"
"711","53","ÇAYELİ","0"
"712","53","DEREPAZARI","0"
"713","53","FINDIKLI","0"
"714","53","GÜNEYSU","0"
"715","53","HEMŞİN","0"
"716","53","İKİZDERE","0"
"717","53","İYİDERE","0"
"718","53","KALKANDERE","0"
"719","53","MERKEZ","0"
"720","53","PAZAR","0"
"721","54","ADAPAZARI","1"
"722","54","AKYAZI","1"
"723","54","ARİFİYE","1"
"724","54","ERENLER","1"
"725","54","FERİZLİ","1"
"726","54","GEYVE","1"
"727","54","HENDEK","1"
"728","54","KARAPÜRÇEK","1"
"729","54","KARASU","1"
"730","54","KAYNARCA","1"
"731","54","KOCAALİ","1"
"732","54","PAMUKOVA","1"
"733","54","SAPANCA","1"
"734","54","SERDİVAN","1"
"735","54","SÖĞÜTLÜ","1"
"736","54","TARAKLI","1"
"737","55","19 MAYIS","1"
"738","55","ALAÇAM","1"
"739","55","ASARCIK","1"
"740","55","ATAKUM","1"
"741","55","AYVACIK","1"
"742","55","BAFRA","1"
"743","55","CANİK","1"
"744","55","ÇARŞAMBA","1"
"745","55","HAVZA","1"
"746","55","İLKADIM","1"
"747","55","KAVAK","1"
"748","55","LADİK","1"
"749","55","SALIPAZARI","1"
"750","55","TEKKEKÖY","1"
"751","55","TERME","1"
"752","55","VEZİRKÖPRÜ","1"
"753","55","YAKAKENT","1"
"754","56","BAYKAN","0"
"755","56","ERUH","0"
"756","56","KURTALAN","0"
"757","56","MERKEZ","0"
"758","56","PERVARİ","0"
"759","56","ŞİRVAN","0"
"760","56","TİLLO","0"
"761","57","AYANCIK","0"
"762","57","BOYABAT","0"
"763","57","DİKMEN","0"
"764","57","DURAĞAN","0"
"765","57","ERFELEK","0"
"766","57","GERZE","0"
"767","57","MERKEZ","0"
"768","57","SARAYDÜZÜ","0"
"769","57","TÜRKELİ","0"
"770","58","AKINCILAR","0"
"771","58","ALTINYAYLA","0"
"772","58","DİVRİĞİ","0"
"773","58","DOĞANŞAR","0"
"774","58","GEMEREK","0"
"775","58","GÖLOVA","0"
"776","58","GÜRÜN","0"
"777","58","HAFİK","0"
"778","58","İMRANLI","0"
"779","58","KANGAL","0"
"780","58","KOYULHİSAR","0"
"781","58","MERKEZ","0"
"782","58","ŞARKIŞLA","0"
"783","58","SUŞEHRİ","0"
"784","58","ULAŞ","0"
"785","58","YILDIZELİ","0"
"786","58","ZARA","0"
"787","59","ÇERKEZKÖY","1"
"788","59","ÇORLU","1"
"789","59","ERGENE","1"
"790","59","HAYRABOLU","1"
"791","59","KAPAKLI","1"
"792","59","MALKARA","1"
"793","59","MARMARAEREĞLİSİ","1"
"794","59","MURATLI","1"
"795","59","SARAY","1"
"796","59","ŞARKÖY","1"
"797","59","SÜLEYMANPAŞA","1"
"798","60","ALMUS","0"
"799","60","ARTOVA","0"
"800","60","BAŞÇİFTLİK","0"
"801","60","ERBAA","0"
"802","60","MERKEZ","0"
"803","60","NİKSAR","0"
"804","60","PAZAR","0"
"805","60","REŞADİYE","0"
"806","60","SULUSARAY","0"
"807","60","TURHAL","0"
"808","60","YEŞİLYURT","0"
"809","60","ZİLE","0"
"810","61","AKÇAABAT","1"
"811","61","ARAKLI","1"
"812","61","ARSİN","1"
"813","61","BEŞİKDÜZÜ","1"
"814","61","ÇARŞIBAŞI","1"
"815","61","ÇAYKARA","1"
"816","61","DERNEKPAZARI","1"
"817","61","DÜZKÖY","1"
"818","61","HAYRAT","1"
"819","61","KÖPRÜBAŞI","1"
"820","61","MAÇKA","1"
"821","61","OF","1"
"822","61","ORTAHİSAR","1"
"823","61","ŞALPAZARI","1"
"824","61","SÜRMENE","1"
"825","61","TONYA","1"
"826","61","VAKFIKEBİR","1"
"827","61","YOMRA","1"
"828","62","ÇEMİŞGEZEK","0"
"829","62","HOZAT","0"
"830","62","MAZGİRT","0"
"831","62","MERKEZ","0"
"832","62","NAZIMİYE","0"
"833","62","OVACIK","0"
"834","62","PERTEK","0"
"835","62","PÜLÜMÜR","0"
"836","63","AKÇAKALE","1"
"837","63","BİRECİK","1"
"838","63","BOZOVA","1"
"839","63","CEYLANPINAR","1"
"840","63","EYYÜBİYE","1"
"841","63","HALFETİ","1"
"842","63","HALİLİYE","1"
"843","63","HARRAN","1"
"844","63","HİLVAN","1"
"845","63","KARAKÖPRÜ","1"
"846","63","SİVEREK","1"
"847","63","SURUÇ","1"
"848","63","VİRANŞEHİR","1"
"849","64","BANAZ","0"
"850","64","EŞME","0"
"851","64","KARAHALLI","0"
"852","64","MERKEZ","0"
"853","64","SİVASLI","0"
"854","64","ULUBEY","0"
"855","65","BAHÇESARAY","1"
"856","65","BAŞKALE","1"
"857","65","ÇALDIRAN","1"
"858","65","ÇATAK","1"
"859","65","EDREMİT","1"
"860","65","ERCİŞ","1"
"861","65","GEVAŞ","1"
"862","65","GÜRPINAR","1"
"863","65","İPEKYOLU","1"
"864","65","MURADİYE","1"
"865","65","ÖZALP","1"
"866","65","SARAY","1"
"867","65","TUŞBA","1"
"868","66","AKDAĞMADENİ","0"
"869","66","AYDINCIK","0"
"870","66","BOĞAZLIYAN","0"
"871","66","ÇANDIR","0"
"872","66","ÇAYIRALAN","0"
"873","66","ÇEKEREK","0"
"874","66","KADIŞEHRİ","0"
"875","66","MERKEZ","0"
"876","66","SARAYKENT","0"
"877","66","SARIKAYA","0"
"878","66","ŞEFAATLİ","0"
"879","66","SORGUN","0"
"880","66","YENİFAKILI","0"
"881","66","YERKÖY","0"
"882","67","ALAPLI","0"
"883","67","ÇAYCUMA","0"
"884","67","DEVREK","0"
"885","67","EREĞLİ","0"
"886","67","GÖKÇEBEY","0"
"887","67","KİLİMLİ","0"
"888","67","KOZLU","0"
"889","67","MERKEZ","0"
"890","68","AĞAÇÖREN","0"
"891","68","ESKİL","0"
"892","68","GÜLAĞAÇ","0"
"893","68","GÜZELYURT","0"
"894","68","MERKEZ","0"
"895","68","ORTAKÖY","0"
"896","68","SARIYAHŞİ","0"
"897","68","SULTANHANI","0"
"898","69","AYDINTEPE","0"
"899","69","DEMİRÖZÜ","0"
"900","69","MERKEZ","0"
"901","70","AYRANCI","0"
"902","70","BAŞYAYLA","0"
"903","70","ERMENEK","0"
"904","70","KAZIMKARABEKİR","0"
"905","70","MERKEZ","0"
"906","70","SARIVELİLER","0"
"907","71","BAHŞILI","0"
"908","71","BALIŞEYH","0"
"909","71","ÇELEBİ","0"
"910","71","DELİCE","0"
"911","71","KARAKEÇİLİ","0"
"912","71","KESKİN","0"
"913","71","MERKEZ","0"
"914","71","SULAKYURT","0"
"915","71","YAHŞİHAN","0"
"916","72","BEŞİRİ","0"
"917","72","GERCÜŞ","0"
"918","72","HASANKEYF","0"
"919","72","KOZLUK","0"
"920","72","MERKEZ","0"
"921","72","SASON","0"
"922","73","BEYTÜŞŞEBAP","0"
"923","73","CİZRE","0"
"924","73","GÜÇLÜKONAK","0"
"925","73","İDİL","0"
"926","73","MERKEZ","0"
"927","73","SİLOPİ","0"
"928","73","ULUDERE","0"
"929","74","AMASRA","0"
"930","74","KURUCAŞİLE","0"
"931","74","MERKEZ","0"
"932","74","ULUS","0"
"933","75","ÇILDIR","0"
"934","75","DAMAL","0"
"935","75","GÖLE","0"
"936","75","HANAK","0"
"937","75","MERKEZ","0"
"938","75","POSOF","0"
"939","76","ARALIK","0"
"940","76","KARAKOYUNLU","0"
"941","76","MERKEZ","0"
"942","76","TUZLUCA","0"
"943","77","ALTINOVA","0"
"944","77","ARMUTLU","0"
"945","77","ÇİFTLİKKÖY","0"
"946","77","ÇINARCIK","0"
"947","77","MERKEZ","0"
"948","77","TERMAL","0"
"949","78","EFLANİ","0"
"950","78","ESKİPAZAR","0"
"951","78","MERKEZ","0"
"952","78","OVACIK","0"
"953","78","SAFRANBOLU","0"
"954","78","YENİCE","0"
"955","79","ELBEYLİ","0"
"956","79","MERKEZ","0"
"957","79","MUSABEYLİ","0"
"958","79","POLATELİ","0"
"959","80","BAHÇE","0"
"960","80","DÜZİÇİ","0"
"961","80","HASANBEYLİ","0"
"962","80","KADİRLİ","0"
"963","80","MERKEZ","0"
"964","80","SUMBAS","0"
"965","80","TOPRAKKALE","0"
"966","81","AKÇAKOCA","0"
"967","81","ÇİLİMLİ","0"
"968","81","CUMAYERİ","0"
"969","81","GÖLYAKA","0"
"970","81","GÜMÜŞOVA","0"
"971","81","KAYNAŞLI","0"
"972","81","MERKEZ","0"
"973","81","YIĞILCA","0"
